customer_id,first_name,last_name,email,city
1,"Chevy","Leward","cleward0@mapy.cz","Reading"
2,"Sayre","Ateggart","sateggart1@nih.gov","Portsmouth"
3,"Nathalia","Seckom","nseckom2@blogger.com","Portsmouth"
4,"Farlie","Hadigate","fhadigate3@zdnet.com","Reading"
5,"Anet","MacColm","amaccolm4@yellowbook.com","Portsmouth"
6,"Elonore","Bearham","ebearham5@ebay.co.uk","Portsmouth"
7,"Hali","Isaak","hisaak6@bbb.org","Kindersley"
8,"Dani","Springell","dspringell7@tinypic.com","Reading"
9,"Truman","Dike","tdike8@unicef.org","Portsmouth"
10,"Gabbie","Kassidy","gkassidy9@rambler.ru","Portsmouth"
11,"Perla","Dowbakin","pdowbakina@hexun.com","Portsmouth"
12,"Merrick","Croom","mcroomb@wunderground.com","Semirara"
13,"Tommie","Brettor","tbrettorc@prlog.org","Portsmouth"
14,"Chastity","Cuff","ccuffd@aol.com","Atsugi"
15,"Colet","Skill","cskille@about.me","Shagedu"
16,"Cinda","Gingedale","cgingedalef@php.net","Valdivia"
17,"Dan","Rodrig","drodrigg@google.pl","Podgornoye"
18,"Audrie","Figures","afiguresh@hostgator.com","Reading"
19,"Katrina","Hargreves","khargrevesi@fema.gov","Portsmouth"
20,"Bellanca","Fettes","bfettesj@chicagotribune.com","Las Piñas"
21,"Ki","Rushmare","krushmarek@spiegel.de","Orlová"
22,"Griffie","Fone","gfonel@blogspot.com","Huangsha"
23,"Mack","Ashtonhurst","mashtonhurstm@jugem.jp","Ulimonong"
24,"Dena","Hrishanok","dhrishanokn@e-recht24.de","Qingsong"
25,"Wylie","Mussilli","wmussillio@spiegel.de","Reading"
26,"Dukie","Falla","dfallap@pen.io","Bachowice"
27,"Noemi","Durbyn","ndurbynq@arizona.edu","Ciudad Nueva"
28,"Waverley","Goodyer","wgoodyerr@bing.com","Croix"
29,"Kamilah","Treasure","ktreasures@europa.eu","Lolodorf"
30,"Cecilio","MacNally","cmacnallyt@ihg.com","Chinchero"
31,"Branden","Vasilchikov","bvasilchikovu@unesco.org","Kuloy"
32,"Anders","Epsly","aepslyv@drupal.org","Tangub"
33,"Kalina","Pearlman","kpearlmanw@cargocollective.com","Longtang"
34,"Gui","Tassell","gtassellx@mit.edu","Gaotang"
35,"Arel","Vassall","avassally@edublogs.org","Reading"
36,"Kennan","Rosenhaus","krosenhausz@accuweather.com","Barbacena"
37,"Desmond","Wybrow","dwybrow10@census.gov","Dashiqiao"
38,"Gaelan","Jacobssen","gjacobssen11@reddit.com","Belusovka"
39,"Millicent","Fenty","mfenty12@tripod.com","Reading"
40,"Lefty","Gaiter","lgaiter13@toplist.cz","Krížová"
41,"Melissa","Hablet","mhablet14@cloudflare.com","Bezhta"
42,"Bird","McLeman","bmcleman15@51.la","Tuapukan"
43,"Clarice","Gregoratti","cgregoratti16@toplist.cz","Toledo"
44,"Aldon","Pedlingham","apedlingham17@prweb.com","Créteil"
45,"Diena","Reichhardt","dreichhardt18@mayoclinic.com","Yoshii"
46,"Ludovico","Gillham","lgillham19@amazon.co.jp","Rognedino"
47,"Forester","Lott","flott1a@cnet.com","Smarhon’"
48,"Adrianne","Pilipets","apilipets1b@seattletimes.com","Portsmouth"
49,"Consalve","Belk","cbelk1c@tinyurl.com","London"
50,"Lucien","Huot","lhuot1d@geocities.jp","Merke"
51,"Haily","Deacock","hdeacock1e@people.com.cn","London"
52,"Costa","Veregan","cveregan1f@ed.gov","Samsan"
53,"Gaultiero","Gudde","ggudde1g@artisteer.com","Belyy Yar"
54,"Bessy","Heckney","bheckney1h@archive.org","Boston"
55,"Janie","Kornilyev","jkornilyev1i@china.com.cn","Reading"
56,"Sheelagh","Fosberry","sfosberry1j@sphinn.com","Jirja"
57,"Dorette","McNeigh","dmcneigh1k@wisc.edu","London"
58,"Dix","Stygall","dstygall1l@csmonitor.com","Padaimut"
59,"Arnuad","Selwyne","aselwyne1m@upenn.edu","Datong"
60,"Joanna","Witch","jwitch1n@disqus.com","Harper"
61,"Grove","Waterhouse","gwaterhouse1o@wikimedia.org","Reading"
62,"Johanna","Timcke","jtimcke1p@edublogs.org","Savannakhét"
63,"Flin","Cartmale","fcartmale1q@artisteer.com","Príbram"
64,"Cloris","Josefson","cjosefson1r@mashable.com","Rybache"
65,"Mel","Lilion","mlilion1s@guardian.co.uk","Timaru"
66,"Annamarie","Kaes","akaes1t@slashdot.org","Corralillo"
67,"Sandor","Hulme","shulme1u@umich.edu","Zhangjiahe"
68,"Pietro","Piggen","ppiggen1v@smh.com.au","Haduohe"
69,"Karilynn","Parratt","kparratt1w@odnoklassniki.ru","London"
70,"Darell","Pickavance","dpickavance1x@google.com.au","Novoaltaysk"
71,"Jordana","Raspin","jraspin1y@github.io","Banepa"
72,"Raffarty","Andrei","randrei1z@slideshare.net","Liliongan"
73,"Giustina","O Sullivan","gosullivan20@cbsnews.com","Reading"
74,"Wenda","Bouette","wbouette21@sina.com.cn","Soutelo"
75,"Phoebe","Sellick","psellick22@admin.ch","London"
76,"Janice","Meaking","jmeaking23@hao123.com","Aldeia"
77,"Justinn","Dennistoun","jdennistoun24@mediafire.com","London"
78,"Constantia","Wane","cwane25@booking.com","Niquelândia"
79,"Raquel","Hulcoop","rhulcoop26@friendfeed.com","Marija Bistrica"
80,"Paulie","Fawdery","pfawdery27@qq.com","Glad"
81,"Maddie","Gidman","mgidman28@wisc.edu","Wongsorejo"
82,"Maggy","Pordall","mpordall29@zimbio.com","San Pedro"
83,"Jordan","Marcos","jmarcos2a@fastcompany.com","London"
84,"Jarvis","Higbin","jhigbin2b@tripod.com","Dukou"
85,"Janene","Schoolcroft","jschoolcroft2c@myspace.com","Mogok"
86,"Dorothea","Threadgould","dthreadgould2d@abc.net.au","London"
87,"Robinia","O' Kelleher","rokelleher2e@technorati.com","London"
88,"Maurine","Leonards","mleonards2f@princeton.edu","Jeziorany"
89,"Jacquenette","Leagas","jleagas2g@scientificamerican.com","Perovo"
90,"Hanson","Pietron","hpietron2h@amazonaws.com","Casigua El Cubo"
91,"Rakel","Lettuce","rlettuce2i@sourceforge.net","Bechlín"
92,"Gallagher","Doole","gdoole2j@gnu.org","Guanjiabao"
93,"Netta","McKerrow","nmckerrow2k@admin.ch","Lille"
94,"Lou","Davidman","ldavidman2l@oakley.com","Cigaleuh Kulon"
95,"Harrietta","Nares","hnares2m@wufoo.com","Jiulian"
96,"Moyra","Perceval","mperceval2n@infoseek.co.jp","Stockholm"
97,"Esra","Manchett","emanchett2o@wikimedia.org","London"
98,"Dru","Minnette","dminnette2p@bigcartel.com","Guandu"
99,"Edna","Martijn","emartijn2q@mapquest.com","Hufang"
100,"Clementius","Maskall","cmaskall2r@google.ca","London"
